{"band_indices":{"0":[1],"1":[2],"2":[3],"3":[4],"4":[5],"5":[6],"6":[7],"7":[8],"8":[9,10],"9":[11],"10":[12],"11":[13],"12":[14],"13":[15],"14":[16],"15":[17],"16":[18]},"frequency":{"0":-3.5411198424,"1":-1.2537624309,"2":0.0915738859,"3":0.0991023193,"4":0.2393285757,"5":0.3195986507,"6":0.3917693037,"7":2.6746895062,"8":4.3093308158,"9":4.8251292005,"10":4.828949389,"11":6.0173769992,"12":8.6583741909,"13":15.5934779359,"14":15.5979196005,"15":16.0137128276,"16":16.0179989096},"characters":{"0":[[1,0.0],[1,1.8]],"1":[[1,0.0],[1,181.8]],"2":[[1,0.0],[1,1.8]],"3":[[1,0.0],[1,181.8]],"4":[[1,0.0],[1,1.8]],"5":[[1,0.0],[1,1.8]],"6":[[1,0.0],[1,181.8]],"7":[[1,0.0],[1,181.8]],"8":[[2,0.0],[0,178.2]],"9":[[1,0.0],[1,181.8]],"10":[[1,0.0],[1,1.8]],"11":[[1,0.0],[1,1.8]],"12":[[1,0.0],[1,181.8]],"13":[[1,0.0],[1,1.8]],"14":[[1,0.0],[1,181.8]],"15":[[1,0.0],[1,181.8]],"16":[[1,0.0],[1,1.8]]},"point_group":{"0":"6mm","1":"-3m","2":"m","3":"m","4":"6mm","5":"2\/m","6":"2\/m","7":"-3m","8":"2","9":"m","10":"m","11":"6mm","12":"-6m2","13":"2\/m","14":"2\/m","15":"m","16":"m"},"is_polar":{"0":true,"1":false,"2":true,"3":true,"4":true,"5":false,"6":false,"7":false,"8":false,"9":true,"10":true,"11":true,"12":false,"13":false,"14":false,"15":true,"16":true},"potential_fe":{"0":true,"1":false,"2":false,"3":false,"4":false,"5":false,"6":false,"7":false,"8":false,"9":false,"10":false,"11":false,"12":false,"13":false,"14":false,"15":false,"16":false},"multiplicity":{"0":1,"1":1,"2":1,"3":1,"4":1,"5":1,"6":1,"7":1,"8":2,"9":1,"10":1,"11":1,"12":1,"13":1,"14":1,"15":1,"16":1}}